{
  "objective_terms": {
    "term_charge_sum_kWh_equiv": 1002.9001457465998,
    "term_discharge_sum_USD": 90.4212264154774,
    "objective_value": 1093.3213721620773
  },
  "energy": {
    "E_charged_MWh": 1.0029001457465998,
    "E_discharged_MWh": 0.9051173815363103,
    "usable_capacity_kWh": 180.0,
    "cycles_proxy": 5.571667476369999,
    "SoC_stats": {
      "E_kWh_min": 20.0,
      "E_kWh_max": 200.0,
      "E_kWh_mean": 58.34000122529006,
      "E_kWh_std": 57.26370779207521
    }
  },
  "policy_compliance": {
    "violations": {
      "charge_when_RPF0_count": 0,
      "charge_exceed_TotalRPF_count": 0,
      "discharge_cap_active_violations_count": 0
    },
    "outside_policy_discharge_info_count": 0
  },
  "ampacity": {
    "violations_count": 0,
    "binding_hours_count": 0,
    "margin_stats_kW": {
      "margin_min_kW": 10.996508613221806,
      "margin_mean_kW": 734.5718213961155,
      "margin_max_kW": 914.1823018972574
    }
  },
  "caps_and_mutex": {
    "at_Pcmax_hours": 0,
    "at_Pdmax_hours": 0,
    "mutex_violations_count": 0
  },
  "utilization_percent": {
    "pct_charge": 3.6050724637681157,
    "pct_discharge": 0.6280193236714976,
    "pct_idle": 95.76690821256038
  },
  "peak_impact": {
    "base_abs_peak_kW": 580.31232,
    "net_abs_peak_kW": 580.31232,
    "peak_reduction_kW": 0.0
  },
  "counts": {
    "n_hours": 33120,
    "n_charge_hours": 1194,
    "n_discharge_hours": 208,
    "n_idle_hours": 31718
  }
}